timeseries,"[37.96315560198607, -122.51040629581452]"
"(datetime.date(2018, 7, 1), 9)",0.0
"(datetime.date(2018, 7, 1), 15)",0.0
"(datetime.date(2018, 7, 1), 20)",0.0
"(datetime.date(2018, 7, 8), 10)",0.0
"(datetime.date(2018, 7, 16), 19)",0.0
"(datetime.date(2018, 7, 25), 10)",0.0
"(datetime.date(2018, 8, 22), 5)",0.0
"(datetime.date(2018, 8, 23), 5)",0.0
"(datetime.date(2018, 8, 25), 13)",0.0
"(datetime.date(2018, 8, 25), 18)",0.0
"(datetime.date(2018, 9, 1), 10)",0.0
"(datetime.date(2018, 9, 1), 16)",0.0
"(datetime.date(2018, 9, 3), 15)",0.0
"(datetime.date(2018, 9, 3), 20)",0.0
"(datetime.date(2018, 9, 9), 9)",0.0
"(datetime.date(2018, 9, 9), 14)",0.0
"(datetime.date(2018, 9, 14), 15)",0.0
"(datetime.date(2018, 9, 16), 16)",0.0
"(datetime.date(2018, 9, 16), 21)",0.0
"(datetime.date(2018, 9, 19), 22)",0.0
"(datetime.date(2018, 9, 22), 13)",0.0
"(datetime.date(2018, 10, 6), 11)",0.0
"(datetime.date(2018, 10, 8), 15)",0.0
"(datetime.date(2018, 10, 13), 21)",0.0
"(datetime.date(2018, 10, 15), 9)",0.0
"(datetime.date(2018, 10, 21), 15)",0.0
"(datetime.date(2018, 11, 4), 15)",0.0
"(datetime.date(2018, 11, 11), 17)",0.0
"(datetime.date(2018, 11, 12), 17)",0.0
"(datetime.date(2018, 11, 22), 13)",0.0
"(datetime.date(2018, 11, 22), 17)",0.0
"(datetime.date(2018, 11, 23), 11)",0.0
"(datetime.date(2018, 12, 1), 19)",0.0
"(datetime.date(2018, 12, 3), 9)",0.0
"(datetime.date(2018, 12, 5), 16)",1.0
"(datetime.date(2018, 12, 6), 10)",2.0
"(datetime.date(2018, 12, 7), 11)",0.0
"(datetime.date(2018, 12, 10), 13)",1.0
"(datetime.date(2018, 12, 10), 15)",0.0
"(datetime.date(2018, 12, 11), 7)",1.0
"(datetime.date(2018, 12, 12), 7)",1.0
"(datetime.date(2018, 12, 12), 15)",0.0
"(datetime.date(2018, 12, 13), 7)",1.0
"(datetime.date(2018, 12, 14), 7)",1.0
"(datetime.date(2018, 12, 16), 15)",0.0
"(datetime.date(2018, 12, 17), 10)",1.0
"(datetime.date(2018, 12, 17), 16)",0.0
"(datetime.date(2018, 12, 22), 17)",0.0
"(datetime.date(2018, 12, 23), 10)",1.0
"(datetime.date(2018, 12, 23), 12)",0.0
"(datetime.date(2018, 12, 23), 17)",0.0
"(datetime.date(2018, 12, 24), 10)",1.0
"(datetime.date(2018, 12, 25), 10)",1.0
"(datetime.date(2018, 12, 27), 15)",0.0
"(datetime.date(2018, 12, 29), 21)",0.0
"(datetime.date(2019, 1, 1), 14)",0.0
"(datetime.date(2019, 1, 4), 9)",0.0
"(datetime.date(2019, 1, 8), 1)",0.0
"(datetime.date(2019, 1, 8), 6)",1.0
"(datetime.date(2019, 1, 8), 14)",1.0
"(datetime.date(2019, 1, 10), 8)",1.0
"(datetime.date(2019, 1, 15), 3)",0.0
"(datetime.date(2019, 1, 18), 14)",1.0
"(datetime.date(2019, 1, 19), 15)",0.0
"(datetime.date(2019, 1, 19), 18)",0.0
"(datetime.date(2019, 1, 22), 8)",1.0
"(datetime.date(2019, 1, 22), 10)",1.0
"(datetime.date(2019, 1, 23), 10)",1.0
"(datetime.date(2019, 1, 24), 8)",1.0
"(datetime.date(2019, 2, 12), 12)",0.0
"(datetime.date(2019, 2, 13), 19)",0.0
"(datetime.date(2019, 2, 17), 18)",0.0
"(datetime.date(2019, 2, 22), 15)",1.0
"(datetime.date(2019, 2, 24), 0)",0.0
"(datetime.date(2019, 2, 28), 10)",0.0
"(datetime.date(2019, 3, 5), 19)",0.0
"(datetime.date(2019, 3, 6), 19)",0.0
"(datetime.date(2019, 3, 8), 19)",0.0
"(datetime.date(2019, 3, 9), 19)",1.0
"(datetime.date(2019, 3, 10), 21)",0.0
"(datetime.date(2019, 3, 11), 22)",0.0
"(datetime.date(2019, 3, 12), 23)",1.0
"(datetime.date(2019, 3, 13), 18)",0.0
"(datetime.date(2019, 3, 15), 15)",0.0
"(datetime.date(2019, 3, 16), 15)",0.0
"(datetime.date(2019, 3, 16), 16)",0.0
"(datetime.date(2019, 3, 16), 17)",0.0
"(datetime.date(2019, 3, 17), 12)",0.0
"(datetime.date(2019, 3, 20), 7)",1.0
"(datetime.date(2019, 3, 20), 8)",1.0
"(datetime.date(2019, 3, 20), 9)",0.0
"(datetime.date(2019, 3, 25), 21)",0.0
"(datetime.date(2019, 3, 29), 7)",1.0
"(datetime.date(2019, 3, 31), 11)",0.0
"(datetime.date(2019, 4, 4), 11)",1.0
"(datetime.date(2019, 4, 6), 15)",0.0
"(datetime.date(2019, 4, 7), 13)",0.0
"(datetime.date(2019, 4, 9), 4)",1.0
"(datetime.date(2019, 4, 9), 13)",0.0
"(datetime.date(2019, 4, 14), 10)",0.0
"(datetime.date(2019, 4, 16), 20)",0.0
"(datetime.date(2019, 5, 1), 11)",0.0
"(datetime.date(2019, 5, 4), 16)",0.0
"(datetime.date(2019, 5, 5), 7)",0.0
"(datetime.date(2019, 5, 5), 11)",0.0
"(datetime.date(2019, 5, 5), 13)",0.0
"(datetime.date(2019, 5, 8), 13)",0.0
"(datetime.date(2019, 5, 9), 17)",1.0
"(datetime.date(2019, 5, 10), 11)",1.0
"(datetime.date(2019, 5, 11), 11)",1.0
"(datetime.date(2019, 5, 12), 11)",1.0
"(datetime.date(2019, 5, 13), 12)",1.0
"(datetime.date(2019, 5, 15), 14)",1.0
"(datetime.date(2019, 5, 18), 17)",0.0
"(datetime.date(2019, 5, 20), 8)",2.0
"(datetime.date(2019, 5, 20), 9)",1.0
"(datetime.date(2019, 5, 22), 7)",1.0
"(datetime.date(2019, 5, 22), 9)",1.0
"(datetime.date(2019, 5, 23), 9)",1.0
"(datetime.date(2019, 5, 25), 12)",0.0
"(datetime.date(2019, 5, 28), 8)",0.0
"(datetime.date(2019, 5, 30), 12)",1.0
"(datetime.date(2019, 6, 6), 15)",1.0
"(datetime.date(2019, 6, 7), 15)",1.0
"(datetime.date(2019, 6, 8), 15)",1.0
"(datetime.date(2019, 6, 9), 15)",1.0
"(datetime.date(2019, 6, 10), 15)",1.0
"(datetime.date(2019, 6, 12), 15)",1.0
"(datetime.date(2019, 6, 14), 5)",1.0
"(datetime.date(2019, 6, 15), 8)",1.0
"(datetime.date(2019, 6, 15), 13)",0.0
"(datetime.date(2019, 6, 16), 8)",1.0
"(datetime.date(2019, 6, 17), 11)",1.0
"(datetime.date(2019, 6, 18), 11)",1.0
"(datetime.date(2019, 6, 20), 15)",0.0
"(datetime.date(2019, 6, 25), 23)",0.0
"(datetime.date(2019, 6, 29), 9)",0.0
