timeseries,"[37.96315560198605, -122.51040629581455]"
"(datetime.date(2019, 6, 6), 15)",1.0
"(datetime.date(2019, 6, 7), 15)",1.0
"(datetime.date(2019, 6, 8), 15)",1.0
"(datetime.date(2019, 6, 9), 15)",1.0
"(datetime.date(2019, 6, 10), 15)",1.0
"(datetime.date(2019, 6, 12), 15)",1.0
"(datetime.date(2019, 6, 14), 5)",0.0
"(datetime.date(2019, 6, 15), 8)",1.0
"(datetime.date(2019, 6, 15), 13)",0.0
"(datetime.date(2019, 6, 16), 8)",1.0
"(datetime.date(2019, 6, 17), 11)",1.0
"(datetime.date(2019, 6, 18), 11)",1.0
"(datetime.date(2019, 6, 20), 15)",0.0
"(datetime.date(2019, 6, 25), 23)",0.0
"(datetime.date(2019, 6, 29), 9)",0.0
