timeseries,"[37.96501776538693, -122.50700149071388]"
"(datetime.date(2019, 4, 4), 11)",0.0
"(datetime.date(2019, 4, 6), 15)",0.0
"(datetime.date(2019, 4, 7), 13)",0.0
"(datetime.date(2019, 4, 9), 4)",1.0
"(datetime.date(2019, 4, 9), 13)",0.0
"(datetime.date(2019, 4, 14), 10)",0.0
"(datetime.date(2019, 4, 16), 20)",0.0
"(datetime.date(2019, 5, 1), 11)",0.0
"(datetime.date(2019, 5, 4), 16)",0.0
"(datetime.date(2019, 5, 5), 7)",0.0
"(datetime.date(2019, 5, 5), 11)",0.0
"(datetime.date(2019, 5, 5), 13)",0.0
"(datetime.date(2019, 5, 8), 13)",0.0
"(datetime.date(2019, 5, 9), 17)",0.0
"(datetime.date(2019, 5, 10), 11)",0.0
"(datetime.date(2019, 5, 11), 11)",0.0
"(datetime.date(2019, 5, 12), 11)",0.0
"(datetime.date(2019, 5, 13), 12)",0.0
"(datetime.date(2019, 5, 15), 14)",0.0
"(datetime.date(2019, 5, 18), 17)",0.0
"(datetime.date(2019, 5, 20), 8)",0.0
"(datetime.date(2019, 5, 20), 9)",0.0
"(datetime.date(2019, 5, 22), 7)",0.0
"(datetime.date(2019, 5, 22), 9)",0.0
"(datetime.date(2019, 5, 23), 9)",0.0
"(datetime.date(2019, 5, 25), 12)",0.0
"(datetime.date(2019, 5, 28), 8)",0.0
"(datetime.date(2019, 5, 30), 12)",0.0
"(datetime.date(2019, 6, 6), 15)",0.0
"(datetime.date(2019, 6, 7), 15)",0.0
"(datetime.date(2019, 6, 8), 15)",0.0
"(datetime.date(2019, 6, 9), 15)",0.0
"(datetime.date(2019, 6, 10), 15)",0.0
"(datetime.date(2019, 6, 12), 15)",0.0
"(datetime.date(2019, 6, 14), 5)",1.0
"(datetime.date(2019, 6, 15), 8)",0.0
"(datetime.date(2019, 6, 15), 13)",0.0
"(datetime.date(2019, 6, 16), 8)",0.0
"(datetime.date(2019, 6, 17), 11)",0.0
"(datetime.date(2019, 6, 18), 11)",0.0
"(datetime.date(2019, 6, 20), 15)",0.0
"(datetime.date(2019, 6, 25), 23)",0.0
"(datetime.date(2019, 6, 29), 9)",0.0
