timeseries,"[38.1932089549308, -122.19619675659699]"
"(datetime.date(2019, 5, 31), 2)",1
"(datetime.date(2019, 5, 31), 6)",2
"(datetime.date(2019, 5, 31), 7)",1
"(datetime.date(2019, 5, 31), 8)",1
"(datetime.date(2019, 5, 31), 9)",2
"(datetime.date(2019, 5, 31), 10)",2
"(datetime.date(2019, 5, 31), 11)",1
"(datetime.date(2019, 5, 31), 12)",4
"(datetime.date(2019, 5, 31), 13)",4
"(datetime.date(2019, 5, 31), 14)",6
"(datetime.date(2019, 5, 31), 15)",2
"(datetime.date(2019, 5, 31), 16)",4
"(datetime.date(2019, 5, 31), 17)",8
"(datetime.date(2019, 5, 31), 18)",3
"(datetime.date(2019, 5, 31), 19)",6
"(datetime.date(2019, 5, 31), 20)",5
"(datetime.date(2019, 5, 31), 21)",3
"(datetime.date(2019, 5, 31), 22)",4
"(datetime.date(2019, 5, 31), 23)",1
"(datetime.date(2019, 6, 1), 1)",1
"(datetime.date(2019, 6, 1), 2)",1
"(datetime.date(2019, 6, 1), 3)",1
"(datetime.date(2019, 6, 1), 5)",2
"(datetime.date(2019, 6, 1), 6)",2
"(datetime.date(2019, 6, 1), 7)",3
"(datetime.date(2019, 6, 1), 8)",3
"(datetime.date(2019, 6, 1), 9)",2
"(datetime.date(2019, 6, 1), 10)",5
"(datetime.date(2019, 6, 1), 11)",11
"(datetime.date(2019, 6, 1), 12)",11
"(datetime.date(2019, 6, 1), 13)",1
"(datetime.date(2019, 6, 1), 14)",8
"(datetime.date(2019, 6, 1), 15)",3
"(datetime.date(2019, 6, 1), 16)",3
"(datetime.date(2019, 6, 1), 17)",2
"(datetime.date(2019, 6, 1), 18)",2
"(datetime.date(2019, 6, 1), 19)",4
"(datetime.date(2019, 6, 1), 20)",4
"(datetime.date(2019, 6, 1), 22)",4
"(datetime.date(2019, 6, 1), 23)",3
"(datetime.date(2019, 6, 2), 0)",3
"(datetime.date(2019, 6, 2), 1)",1
"(datetime.date(2019, 6, 2), 2)",3
"(datetime.date(2019, 6, 2), 3)",1
"(datetime.date(2019, 6, 2), 6)",2
"(datetime.date(2019, 6, 2), 7)",1
"(datetime.date(2019, 6, 2), 8)",3
"(datetime.date(2019, 6, 2), 9)",3
"(datetime.date(2019, 6, 2), 10)",5
"(datetime.date(2019, 6, 2), 11)",7
"(datetime.date(2019, 6, 2), 12)",5
"(datetime.date(2019, 6, 2), 13)",5
"(datetime.date(2019, 6, 2), 14)",5
"(datetime.date(2019, 6, 2), 15)",7
"(datetime.date(2019, 6, 2), 16)",7
"(datetime.date(2019, 6, 2), 18)",3
"(datetime.date(2019, 6, 2), 19)",1
"(datetime.date(2019, 6, 2), 20)",3
"(datetime.date(2019, 6, 2), 21)",4
"(datetime.date(2019, 6, 2), 22)",2
"(datetime.date(2019, 6, 3), 0)",1
"(datetime.date(2019, 6, 3), 2)",1
"(datetime.date(2019, 6, 3), 6)",4
"(datetime.date(2019, 6, 3), 7)",3
"(datetime.date(2019, 6, 3), 8)",8
"(datetime.date(2019, 6, 3), 9)",4
"(datetime.date(2019, 6, 3), 10)",6
"(datetime.date(2019, 6, 3), 11)",4
"(datetime.date(2019, 6, 3), 12)",4
"(datetime.date(2019, 6, 3), 13)",1
"(datetime.date(2019, 6, 3), 14)",5
"(datetime.date(2019, 6, 3), 15)",3
"(datetime.date(2019, 6, 3), 16)",3
"(datetime.date(2019, 6, 3), 17)",4
"(datetime.date(2019, 6, 3), 18)",5
"(datetime.date(2019, 6, 3), 19)",4
"(datetime.date(2019, 6, 3), 20)",3
"(datetime.date(2019, 6, 3), 21)",5
"(datetime.date(2019, 6, 4), 0)",1
"(datetime.date(2019, 6, 4), 1)",3
"(datetime.date(2019, 6, 4), 5)",1
"(datetime.date(2019, 6, 4), 6)",5
"(datetime.date(2019, 6, 4), 7)",3
"(datetime.date(2019, 6, 4), 8)",4
"(datetime.date(2019, 6, 4), 11)",4
"(datetime.date(2019, 6, 4), 12)",1
"(datetime.date(2019, 6, 4), 13)",2
"(datetime.date(2019, 6, 4), 14)",2
"(datetime.date(2019, 6, 4), 15)",3
"(datetime.date(2019, 6, 4), 16)",4
"(datetime.date(2019, 6, 4), 17)",5
"(datetime.date(2019, 6, 4), 18)",2
"(datetime.date(2019, 6, 4), 19)",2
"(datetime.date(2019, 6, 4), 20)",1
"(datetime.date(2019, 6, 4), 21)",3
"(datetime.date(2019, 6, 4), 22)",2
"(datetime.date(2019, 6, 4), 23)",1
"(datetime.date(2019, 6, 5), 1)",1
"(datetime.date(2019, 6, 5), 6)",2
"(datetime.date(2019, 6, 5), 7)",1
"(datetime.date(2019, 6, 5), 8)",9
"(datetime.date(2019, 6, 5), 10)",4
"(datetime.date(2019, 6, 5), 11)",3
"(datetime.date(2019, 6, 5), 12)",5
"(datetime.date(2019, 6, 5), 13)",5
"(datetime.date(2019, 6, 5), 14)",1
"(datetime.date(2019, 6, 5), 15)",6
"(datetime.date(2019, 6, 5), 16)",6
"(datetime.date(2019, 6, 5), 17)",6
"(datetime.date(2019, 6, 5), 18)",4
"(datetime.date(2019, 6, 5), 19)",4
"(datetime.date(2019, 6, 5), 20)",2
"(datetime.date(2019, 6, 5), 21)",4
"(datetime.date(2019, 6, 5), 22)",1
"(datetime.date(2019, 6, 5), 23)",1
"(datetime.date(2019, 6, 6), 1)",2
"(datetime.date(2019, 6, 6), 6)",1
"(datetime.date(2019, 6, 6), 8)",3
"(datetime.date(2019, 6, 6), 9)",4
"(datetime.date(2019, 6, 6), 10)",3
"(datetime.date(2019, 6, 6), 11)",2
"(datetime.date(2019, 6, 6), 12)",5
"(datetime.date(2019, 6, 6), 13)",4
"(datetime.date(2019, 6, 6), 14)",3
"(datetime.date(2019, 6, 6), 15)",6
"(datetime.date(2019, 6, 6), 16)",3
"(datetime.date(2019, 6, 6), 17)",5
"(datetime.date(2019, 6, 6), 18)",5
"(datetime.date(2019, 6, 6), 19)",1
"(datetime.date(2019, 6, 6), 20)",7
"(datetime.date(2019, 6, 6), 21)",2
"(datetime.date(2019, 6, 6), 22)",1
"(datetime.date(2019, 6, 6), 23)",2
"(datetime.date(2019, 6, 7), 0)",3
"(datetime.date(2019, 6, 7), 1)",1
"(datetime.date(2019, 6, 7), 2)",1
"(datetime.date(2019, 6, 7), 4)",1
"(datetime.date(2019, 6, 7), 6)",1
"(datetime.date(2019, 6, 7), 7)",3
"(datetime.date(2019, 6, 7), 8)",6
"(datetime.date(2019, 6, 7), 9)",4
"(datetime.date(2019, 6, 7), 10)",2
"(datetime.date(2019, 6, 7), 11)",4
"(datetime.date(2019, 6, 7), 12)",2
"(datetime.date(2019, 6, 7), 13)",4
"(datetime.date(2019, 6, 7), 14)",5
"(datetime.date(2019, 6, 7), 15)",4
"(datetime.date(2019, 6, 7), 16)",1
"(datetime.date(2019, 6, 7), 17)",3
"(datetime.date(2019, 6, 7), 18)",2
"(datetime.date(2019, 6, 7), 19)",4
"(datetime.date(2019, 6, 7), 20)",2
"(datetime.date(2019, 6, 7), 21)",1
"(datetime.date(2019, 6, 7), 22)",2
"(datetime.date(2019, 6, 7), 23)",2
"(datetime.date(2019, 6, 8), 0)",2
"(datetime.date(2019, 6, 8), 1)",3
"(datetime.date(2019, 6, 8), 4)",1
"(datetime.date(2019, 6, 8), 5)",3
"(datetime.date(2019, 6, 8), 7)",3
"(datetime.date(2019, 6, 8), 8)",2
"(datetime.date(2019, 6, 8), 9)",1
"(datetime.date(2019, 6, 8), 10)",7
"(datetime.date(2019, 6, 8), 11)",5
"(datetime.date(2019, 6, 8), 12)",7
"(datetime.date(2019, 6, 8), 13)",6
"(datetime.date(2019, 6, 8), 14)",3
"(datetime.date(2019, 6, 8), 15)",1
"(datetime.date(2019, 6, 8), 16)",5
"(datetime.date(2019, 6, 8), 17)",7
"(datetime.date(2019, 6, 8), 18)",3
"(datetime.date(2019, 6, 8), 19)",4
"(datetime.date(2019, 6, 8), 21)",2
"(datetime.date(2019, 6, 8), 23)",2
"(datetime.date(2019, 6, 9), 0)",4
"(datetime.date(2019, 6, 9), 1)",1
"(datetime.date(2019, 6, 9), 2)",1
"(datetime.date(2019, 6, 9), 6)",1
"(datetime.date(2019, 6, 9), 7)",3
"(datetime.date(2019, 6, 9), 8)",1
"(datetime.date(2019, 6, 9), 9)",1
"(datetime.date(2019, 6, 9), 10)",9
"(datetime.date(2019, 6, 9), 11)",4
"(datetime.date(2019, 6, 9), 12)",5
"(datetime.date(2019, 6, 9), 13)",9
"(datetime.date(2019, 6, 9), 14)",7
"(datetime.date(2019, 6, 9), 15)",4
"(datetime.date(2019, 6, 9), 16)",3
"(datetime.date(2019, 6, 9), 18)",2
"(datetime.date(2019, 6, 9), 19)",4
"(datetime.date(2019, 6, 9), 20)",5
"(datetime.date(2019, 6, 9), 21)",1
"(datetime.date(2019, 6, 9), 22)",3
"(datetime.date(2019, 6, 9), 23)",2
"(datetime.date(2019, 6, 10), 1)",1
"(datetime.date(2019, 6, 10), 2)",1
"(datetime.date(2019, 6, 10), 6)",6
"(datetime.date(2019, 6, 10), 7)",7
"(datetime.date(2019, 6, 10), 8)",5
"(datetime.date(2019, 6, 10), 9)",2
"(datetime.date(2019, 6, 10), 10)",9
"(datetime.date(2019, 6, 10), 11)",3
"(datetime.date(2019, 6, 10), 12)",4
"(datetime.date(2019, 6, 10), 13)",9
"(datetime.date(2019, 6, 10), 14)",2
"(datetime.date(2019, 6, 10), 15)",2
"(datetime.date(2019, 6, 10), 16)",5
"(datetime.date(2019, 6, 10), 17)",8
"(datetime.date(2019, 6, 10), 18)",6
"(datetime.date(2019, 6, 10), 19)",2
"(datetime.date(2019, 6, 10), 20)",1
"(datetime.date(2019, 6, 10), 21)",3
"(datetime.date(2019, 6, 10), 22)",1
"(datetime.date(2019, 6, 10), 23)",2
"(datetime.date(2019, 6, 11), 0)",1
"(datetime.date(2019, 6, 11), 2)",1
"(datetime.date(2019, 6, 11), 6)",6
"(datetime.date(2019, 6, 11), 7)",3
"(datetime.date(2019, 6, 11), 8)",7
"(datetime.date(2019, 6, 11), 9)",7
"(datetime.date(2019, 6, 11), 10)",4
"(datetime.date(2019, 6, 11), 11)",3
"(datetime.date(2019, 6, 11), 12)",2
"(datetime.date(2019, 6, 11), 13)",5
"(datetime.date(2019, 6, 11), 14)",4
"(datetime.date(2019, 6, 11), 15)",1
"(datetime.date(2019, 6, 11), 16)",2
"(datetime.date(2019, 6, 11), 17)",4
"(datetime.date(2019, 6, 11), 18)",4
"(datetime.date(2019, 6, 11), 19)",7
"(datetime.date(2019, 6, 11), 20)",5
"(datetime.date(2019, 6, 11), 22)",2
"(datetime.date(2019, 6, 11), 23)",2
"(datetime.date(2019, 6, 12), 7)",4
"(datetime.date(2019, 6, 12), 8)",4
"(datetime.date(2019, 6, 12), 9)",4
"(datetime.date(2019, 6, 12), 10)",1
"(datetime.date(2019, 6, 12), 11)",6
"(datetime.date(2019, 6, 12), 12)",6
"(datetime.date(2019, 6, 12), 13)",3
"(datetime.date(2019, 6, 12), 14)",1
"(datetime.date(2019, 6, 12), 15)",5
"(datetime.date(2019, 6, 12), 16)",3
"(datetime.date(2019, 6, 12), 17)",2
"(datetime.date(2019, 6, 12), 18)",4
"(datetime.date(2019, 6, 12), 19)",7
"(datetime.date(2019, 6, 12), 20)",7
"(datetime.date(2019, 6, 12), 21)",1
"(datetime.date(2019, 6, 12), 22)",1
"(datetime.date(2019, 6, 12), 23)",3
"(datetime.date(2019, 6, 13), 5)",2
"(datetime.date(2019, 6, 13), 6)",3
"(datetime.date(2019, 6, 13), 7)",4
"(datetime.date(2019, 6, 13), 8)",4
"(datetime.date(2019, 6, 13), 9)",6
"(datetime.date(2019, 6, 13), 10)",3
"(datetime.date(2019, 6, 13), 11)",4
"(datetime.date(2019, 6, 13), 12)",3
"(datetime.date(2019, 6, 13), 13)",3
"(datetime.date(2019, 6, 13), 14)",3
"(datetime.date(2019, 6, 13), 15)",5
"(datetime.date(2019, 6, 13), 16)",2
"(datetime.date(2019, 6, 13), 17)",4
"(datetime.date(2019, 6, 13), 18)",1
"(datetime.date(2019, 6, 13), 19)",5
"(datetime.date(2019, 6, 13), 20)",1
"(datetime.date(2019, 6, 13), 21)",4
"(datetime.date(2019, 6, 13), 22)",2
"(datetime.date(2019, 6, 14), 0)",2
"(datetime.date(2019, 6, 14), 2)",1
"(datetime.date(2019, 6, 14), 5)",1
"(datetime.date(2019, 6, 14), 6)",2
"(datetime.date(2019, 6, 14), 7)",2
"(datetime.date(2019, 6, 14), 8)",3
"(datetime.date(2019, 6, 14), 9)",2
"(datetime.date(2019, 6, 14), 10)",3
"(datetime.date(2019, 6, 14), 11)",4
"(datetime.date(2019, 6, 14), 12)",3
"(datetime.date(2019, 6, 14), 13)",3
"(datetime.date(2019, 6, 14), 14)",5
"(datetime.date(2019, 6, 14), 15)",3
"(datetime.date(2019, 6, 14), 16)",3
"(datetime.date(2019, 6, 14), 17)",9
"(datetime.date(2019, 6, 14), 19)",1
"(datetime.date(2019, 6, 14), 20)",5
"(datetime.date(2019, 6, 14), 22)",3
"(datetime.date(2019, 6, 14), 23)",2
"(datetime.date(2019, 6, 15), 0)",1
"(datetime.date(2019, 6, 15), 1)",1
"(datetime.date(2019, 6, 15), 2)",1
"(datetime.date(2019, 6, 15), 3)",1
"(datetime.date(2019, 6, 15), 7)",4
"(datetime.date(2019, 6, 15), 8)",1
"(datetime.date(2019, 6, 15), 9)",4
"(datetime.date(2019, 6, 15), 10)",6
"(datetime.date(2019, 6, 15), 11)",4
"(datetime.date(2019, 6, 15), 12)",7
"(datetime.date(2019, 6, 15), 13)",4
"(datetime.date(2019, 6, 15), 14)",4
"(datetime.date(2019, 6, 15), 15)",2
"(datetime.date(2019, 6, 15), 16)",1
"(datetime.date(2019, 6, 15), 17)",2
"(datetime.date(2019, 6, 15), 18)",1
"(datetime.date(2019, 6, 15), 19)",1
"(datetime.date(2019, 6, 15), 20)",1
"(datetime.date(2019, 6, 15), 21)",6
"(datetime.date(2019, 6, 15), 22)",3
"(datetime.date(2019, 6, 15), 23)",4
"(datetime.date(2019, 6, 16), 0)",2
"(datetime.date(2019, 6, 16), 1)",1
"(datetime.date(2019, 6, 16), 2)",2
"(datetime.date(2019, 6, 16), 7)",1
"(datetime.date(2019, 6, 16), 8)",5
"(datetime.date(2019, 6, 16), 9)",2
"(datetime.date(2019, 6, 16), 10)",6
"(datetime.date(2019, 6, 16), 11)",4
"(datetime.date(2019, 6, 16), 12)",4
"(datetime.date(2019, 6, 16), 13)",2
"(datetime.date(2019, 6, 16), 14)",5
"(datetime.date(2019, 6, 16), 15)",4
"(datetime.date(2019, 6, 16), 16)",3
"(datetime.date(2019, 6, 16), 17)",6
"(datetime.date(2019, 6, 16), 18)",4
"(datetime.date(2019, 6, 16), 19)",2
"(datetime.date(2019, 6, 16), 21)",1
"(datetime.date(2019, 6, 16), 22)",2
"(datetime.date(2019, 6, 16), 23)",1
"(datetime.date(2019, 6, 17), 0)",1
"(datetime.date(2019, 6, 17), 1)",1
"(datetime.date(2019, 6, 17), 2)",1
"(datetime.date(2019, 6, 17), 5)",2
"(datetime.date(2019, 6, 17), 6)",3
"(datetime.date(2019, 6, 17), 7)",4
"(datetime.date(2019, 6, 17), 8)",9
"(datetime.date(2019, 6, 17), 9)",1
"(datetime.date(2019, 6, 17), 10)",4
"(datetime.date(2019, 6, 17), 11)",4
"(datetime.date(2019, 6, 17), 12)",1
"(datetime.date(2019, 6, 17), 13)",4
"(datetime.date(2019, 6, 17), 14)",1
"(datetime.date(2019, 6, 17), 15)",1
"(datetime.date(2019, 6, 17), 16)",4
"(datetime.date(2019, 6, 17), 17)",5
"(datetime.date(2019, 6, 17), 18)",2
"(datetime.date(2019, 6, 17), 19)",5
"(datetime.date(2019, 6, 17), 20)",1
"(datetime.date(2019, 6, 17), 21)",1
"(datetime.date(2019, 6, 17), 22)",1
"(datetime.date(2019, 6, 17), 23)",3
"(datetime.date(2019, 6, 18), 0)",1
"(datetime.date(2019, 6, 18), 1)",1
"(datetime.date(2019, 6, 18), 5)",1
"(datetime.date(2019, 6, 18), 6)",2
"(datetime.date(2019, 6, 18), 7)",8
"(datetime.date(2019, 6, 18), 8)",4
"(datetime.date(2019, 6, 18), 9)",1
"(datetime.date(2019, 6, 18), 10)",4
"(datetime.date(2019, 6, 18), 11)",4
"(datetime.date(2019, 6, 18), 12)",3
"(datetime.date(2019, 6, 18), 13)",8
"(datetime.date(2019, 6, 18), 14)",4
"(datetime.date(2019, 6, 18), 15)",8
"(datetime.date(2019, 6, 18), 16)",1
"(datetime.date(2019, 6, 18), 17)",5
"(datetime.date(2019, 6, 18), 18)",6
"(datetime.date(2019, 6, 18), 19)",1
"(datetime.date(2019, 6, 18), 20)",2
"(datetime.date(2019, 6, 18), 22)",2
"(datetime.date(2019, 6, 19), 0)",2
"(datetime.date(2019, 6, 19), 1)",1
"(datetime.date(2019, 6, 19), 2)",1
"(datetime.date(2019, 6, 19), 3)",2
"(datetime.date(2019, 6, 19), 6)",5
"(datetime.date(2019, 6, 19), 7)",1
"(datetime.date(2019, 6, 19), 8)",1
"(datetime.date(2019, 6, 19), 9)",2
"(datetime.date(2019, 6, 19), 10)",7
"(datetime.date(2019, 6, 19), 11)",3
"(datetime.date(2019, 6, 19), 12)",2
"(datetime.date(2019, 6, 19), 13)",6
"(datetime.date(2019, 6, 19), 14)",1
"(datetime.date(2019, 6, 19), 15)",3
"(datetime.date(2019, 6, 19), 16)",1
"(datetime.date(2019, 6, 19), 17)",3
"(datetime.date(2019, 6, 19), 18)",2
"(datetime.date(2019, 6, 19), 19)",6
"(datetime.date(2019, 6, 19), 20)",3
"(datetime.date(2019, 6, 19), 21)",3
"(datetime.date(2019, 6, 19), 22)",3
"(datetime.date(2019, 6, 19), 23)",1
"(datetime.date(2019, 6, 20), 0)",2
"(datetime.date(2019, 6, 20), 6)",3
"(datetime.date(2019, 6, 20), 7)",7
"(datetime.date(2019, 6, 20), 8)",3
"(datetime.date(2019, 6, 20), 9)",1
"(datetime.date(2019, 6, 20), 10)",3
"(datetime.date(2019, 6, 20), 11)",1
"(datetime.date(2019, 6, 20), 12)",4
"(datetime.date(2019, 6, 20), 13)",5
"(datetime.date(2019, 6, 20), 14)",3
"(datetime.date(2019, 6, 20), 15)",2
"(datetime.date(2019, 6, 20), 16)",6
"(datetime.date(2019, 6, 20), 17)",5
"(datetime.date(2019, 6, 20), 18)",4
"(datetime.date(2019, 6, 20), 19)",3
"(datetime.date(2019, 6, 20), 20)",2
"(datetime.date(2019, 6, 20), 21)",5
"(datetime.date(2019, 6, 20), 22)",2
"(datetime.date(2019, 6, 20), 23)",1
"(datetime.date(2019, 6, 21), 0)",1
"(datetime.date(2019, 6, 21), 1)",1
"(datetime.date(2019, 6, 21), 4)",1
"(datetime.date(2019, 6, 21), 6)",4
"(datetime.date(2019, 6, 21), 7)",2
"(datetime.date(2019, 6, 21), 8)",2
"(datetime.date(2019, 6, 21), 9)",3
"(datetime.date(2019, 6, 21), 10)",6
"(datetime.date(2019, 6, 21), 11)",5
"(datetime.date(2019, 6, 21), 12)",1
"(datetime.date(2019, 6, 21), 13)",3
"(datetime.date(2019, 6, 21), 14)",7
"(datetime.date(2019, 6, 21), 15)",4
"(datetime.date(2019, 6, 21), 16)",2
"(datetime.date(2019, 6, 21), 17)",7
"(datetime.date(2019, 6, 21), 18)",5
"(datetime.date(2019, 6, 21), 19)",6
"(datetime.date(2019, 6, 21), 20)",4
"(datetime.date(2019, 6, 21), 21)",3
"(datetime.date(2019, 6, 21), 22)",2
"(datetime.date(2019, 6, 21), 23)",2
"(datetime.date(2019, 6, 22), 0)",1
"(datetime.date(2019, 6, 22), 1)",2
"(datetime.date(2019, 6, 22), 2)",1
"(datetime.date(2019, 6, 22), 3)",1
"(datetime.date(2019, 6, 22), 4)",8
"(datetime.date(2019, 6, 22), 5)",1
"(datetime.date(2019, 6, 22), 6)",3
"(datetime.date(2019, 6, 22), 7)",2
"(datetime.date(2019, 6, 22), 8)",6
"(datetime.date(2019, 6, 22), 9)",2
"(datetime.date(2019, 6, 22), 10)",8
"(datetime.date(2019, 6, 22), 11)",2
"(datetime.date(2019, 6, 22), 12)",6
"(datetime.date(2019, 6, 22), 13)",1
"(datetime.date(2019, 6, 22), 14)",5
"(datetime.date(2019, 6, 22), 15)",3
"(datetime.date(2019, 6, 22), 16)",8
"(datetime.date(2019, 6, 22), 17)",10
"(datetime.date(2019, 6, 22), 18)",4
"(datetime.date(2019, 6, 22), 19)",6
"(datetime.date(2019, 6, 22), 20)",5
"(datetime.date(2019, 6, 22), 21)",2
"(datetime.date(2019, 6, 22), 22)",4
"(datetime.date(2019, 6, 22), 23)",2
"(datetime.date(2019, 6, 23), 0)",3
"(datetime.date(2019, 6, 23), 1)",4
"(datetime.date(2019, 6, 23), 5)",2
"(datetime.date(2019, 6, 23), 6)",1
"(datetime.date(2019, 6, 23), 7)",4
"(datetime.date(2019, 6, 23), 8)",5
"(datetime.date(2019, 6, 23), 9)",2
"(datetime.date(2019, 6, 23), 10)",4
"(datetime.date(2019, 6, 23), 11)",3
"(datetime.date(2019, 6, 23), 12)",3
"(datetime.date(2019, 6, 23), 13)",7
"(datetime.date(2019, 6, 23), 14)",3
"(datetime.date(2019, 6, 23), 15)",3
"(datetime.date(2019, 6, 23), 16)",6
"(datetime.date(2019, 6, 23), 17)",2
"(datetime.date(2019, 6, 23), 18)",1
"(datetime.date(2019, 6, 23), 19)",5
"(datetime.date(2019, 6, 23), 20)",4
"(datetime.date(2019, 6, 23), 21)",2
"(datetime.date(2019, 6, 23), 22)",1
"(datetime.date(2019, 6, 23), 23)",1
"(datetime.date(2019, 6, 24), 6)",5
"(datetime.date(2019, 6, 24), 7)",4
"(datetime.date(2019, 6, 24), 8)",4
"(datetime.date(2019, 6, 24), 9)",1
"(datetime.date(2019, 6, 24), 10)",1
"(datetime.date(2019, 6, 24), 11)",6
"(datetime.date(2019, 6, 24), 12)",4
"(datetime.date(2019, 6, 24), 13)",4
"(datetime.date(2019, 6, 24), 14)",3
"(datetime.date(2019, 6, 24), 15)",4
"(datetime.date(2019, 6, 24), 16)",1
"(datetime.date(2019, 6, 24), 17)",3
"(datetime.date(2019, 6, 24), 18)",6
"(datetime.date(2019, 6, 24), 19)",3
"(datetime.date(2019, 6, 24), 20)",5
"(datetime.date(2019, 6, 24), 21)",1
"(datetime.date(2019, 6, 24), 22)",1
"(datetime.date(2019, 6, 25), 5)",1
"(datetime.date(2019, 6, 25), 6)",7
"(datetime.date(2019, 6, 25), 7)",9
"(datetime.date(2019, 6, 25), 8)",3
"(datetime.date(2019, 6, 25), 9)",1
"(datetime.date(2019, 6, 25), 10)",2
"(datetime.date(2019, 6, 25), 11)",1
"(datetime.date(2019, 6, 25), 12)",6
"(datetime.date(2019, 6, 25), 14)",3
"(datetime.date(2019, 6, 25), 15)",3
"(datetime.date(2019, 6, 25), 16)",3
"(datetime.date(2019, 6, 25), 17)",3
"(datetime.date(2019, 6, 25), 18)",3
"(datetime.date(2019, 6, 25), 19)",4
"(datetime.date(2019, 6, 25), 20)",3
"(datetime.date(2019, 6, 25), 21)",1
"(datetime.date(2019, 6, 25), 22)",1
"(datetime.date(2019, 6, 25), 23)",2
"(datetime.date(2019, 6, 26), 0)",2
"(datetime.date(2019, 6, 26), 6)",3
"(datetime.date(2019, 6, 26), 7)",5
"(datetime.date(2019, 6, 26), 8)",10
"(datetime.date(2019, 6, 26), 9)",4
"(datetime.date(2019, 6, 26), 10)",11
"(datetime.date(2019, 6, 26), 11)",7
"(datetime.date(2019, 6, 26), 12)",2
"(datetime.date(2019, 6, 26), 13)",2
"(datetime.date(2019, 6, 26), 15)",2
"(datetime.date(2019, 6, 26), 16)",7
"(datetime.date(2019, 6, 26), 17)",5
"(datetime.date(2019, 6, 26), 18)",5
"(datetime.date(2019, 6, 26), 19)",6
"(datetime.date(2019, 6, 26), 20)",5
"(datetime.date(2019, 6, 26), 21)",3
"(datetime.date(2019, 6, 26), 22)",2
"(datetime.date(2019, 6, 26), 23)",2
"(datetime.date(2019, 6, 27), 0)",1
"(datetime.date(2019, 6, 27), 2)",1
"(datetime.date(2019, 6, 27), 5)",1
"(datetime.date(2019, 6, 27), 6)",4
"(datetime.date(2019, 6, 27), 7)",4
"(datetime.date(2019, 6, 27), 8)",5
"(datetime.date(2019, 6, 27), 9)",5
"(datetime.date(2019, 6, 27), 10)",5
"(datetime.date(2019, 6, 27), 11)",3
"(datetime.date(2019, 6, 27), 12)",1
"(datetime.date(2019, 6, 27), 13)",9
"(datetime.date(2019, 6, 27), 14)",3
"(datetime.date(2019, 6, 27), 15)",2
"(datetime.date(2019, 6, 27), 16)",4
"(datetime.date(2019, 6, 27), 17)",8
"(datetime.date(2019, 6, 27), 18)",1
"(datetime.date(2019, 6, 27), 19)",4
"(datetime.date(2019, 6, 27), 20)",3
"(datetime.date(2019, 6, 27), 21)",2
"(datetime.date(2019, 6, 27), 22)",3
"(datetime.date(2019, 6, 27), 23)",4
"(datetime.date(2019, 6, 28), 1)",1
"(datetime.date(2019, 6, 28), 2)",1
"(datetime.date(2019, 6, 28), 6)",7
"(datetime.date(2019, 6, 28), 7)",2
"(datetime.date(2019, 6, 28), 8)",4
"(datetime.date(2019, 6, 28), 9)",4
"(datetime.date(2019, 6, 28), 10)",3
"(datetime.date(2019, 6, 28), 11)",2
"(datetime.date(2019, 6, 28), 12)",3
"(datetime.date(2019, 6, 28), 13)",2
"(datetime.date(2019, 6, 28), 14)",3
"(datetime.date(2019, 6, 28), 15)",5
"(datetime.date(2019, 6, 28), 16)",6
"(datetime.date(2019, 6, 28), 17)",5
"(datetime.date(2019, 6, 28), 18)",4
"(datetime.date(2019, 6, 28), 21)",1
"(datetime.date(2019, 6, 28), 22)",4
"(datetime.date(2019, 6, 28), 23)",1
"(datetime.date(2019, 6, 29), 0)",2
"(datetime.date(2019, 6, 29), 1)",3
"(datetime.date(2019, 6, 29), 2)",3
"(datetime.date(2019, 6, 29), 5)",4
"(datetime.date(2019, 6, 29), 6)",6
"(datetime.date(2019, 6, 29), 7)",7
"(datetime.date(2019, 6, 29), 8)",4
"(datetime.date(2019, 6, 29), 9)",2
"(datetime.date(2019, 6, 29), 10)",6
"(datetime.date(2019, 6, 29), 11)",5
"(datetime.date(2019, 6, 29), 12)",5
"(datetime.date(2019, 6, 29), 13)",4
"(datetime.date(2019, 6, 29), 14)",5
"(datetime.date(2019, 6, 29), 15)",7
"(datetime.date(2019, 6, 29), 16)",4
"(datetime.date(2019, 6, 29), 17)",6
"(datetime.date(2019, 6, 29), 18)",5
"(datetime.date(2019, 6, 29), 19)",8
"(datetime.date(2019, 6, 29), 20)",4
"(datetime.date(2019, 6, 29), 21)",3
"(datetime.date(2019, 6, 29), 22)",6
"(datetime.date(2019, 6, 29), 23)",2
"(datetime.date(2019, 6, 30), 0)",3
"(datetime.date(2019, 6, 30), 1)",2
"(datetime.date(2019, 6, 30), 2)",2
"(datetime.date(2019, 6, 30), 5)",1
"(datetime.date(2019, 6, 30), 6)",4
"(datetime.date(2019, 6, 30), 7)",5
"(datetime.date(2019, 6, 30), 8)",6
"(datetime.date(2019, 6, 30), 9)",4
"(datetime.date(2019, 6, 30), 10)",5
"(datetime.date(2019, 6, 30), 11)",2
"(datetime.date(2019, 6, 30), 12)",8
"(datetime.date(2019, 6, 30), 13)",3
"(datetime.date(2019, 6, 30), 14)",4
"(datetime.date(2019, 6, 30), 15)",6
"(datetime.date(2019, 6, 30), 16)",4
"(datetime.date(2019, 6, 30), 17)",9
"(datetime.date(2019, 6, 30), 18)",4
"(datetime.date(2019, 6, 30), 19)",5
"(datetime.date(2019, 6, 30), 20)",1
"(datetime.date(2019, 6, 30), 21)",4
"(datetime.date(2019, 6, 30), 22)",1
"(datetime.date(2019, 6, 30), 23)",1
