timeseries,"[37.96315560198607, -122.51040629581452]"
"(datetime.date(2019, 5, 1), 11)",0.0
"(datetime.date(2019, 5, 4), 16)",0.0
"(datetime.date(2019, 5, 5), 7)",0.0
"(datetime.date(2019, 5, 5), 11)",0.0
"(datetime.date(2019, 5, 5), 13)",0.0
"(datetime.date(2019, 5, 8), 13)",0.0
"(datetime.date(2019, 5, 9), 17)",1.0
"(datetime.date(2019, 5, 10), 11)",1.0
"(datetime.date(2019, 5, 11), 11)",1.0
"(datetime.date(2019, 5, 12), 11)",1.0
"(datetime.date(2019, 5, 13), 12)",1.0
"(datetime.date(2019, 5, 15), 14)",1.0
"(datetime.date(2019, 5, 18), 17)",0.0
"(datetime.date(2019, 5, 20), 8)",2.0
"(datetime.date(2019, 5, 20), 9)",1.0
"(datetime.date(2019, 5, 22), 7)",1.0
"(datetime.date(2019, 5, 22), 9)",1.0
"(datetime.date(2019, 5, 23), 9)",1.0
"(datetime.date(2019, 5, 25), 12)",0.0
"(datetime.date(2019, 5, 28), 8)",0.0
"(datetime.date(2019, 5, 30), 12)",1.0
"(datetime.date(2019, 6, 6), 15)",1.0
"(datetime.date(2019, 6, 7), 15)",1.0
"(datetime.date(2019, 6, 8), 15)",1.0
"(datetime.date(2019, 6, 9), 15)",1.0
"(datetime.date(2019, 6, 10), 15)",1.0
"(datetime.date(2019, 6, 12), 15)",1.0
"(datetime.date(2019, 6, 14), 5)",1.0
"(datetime.date(2019, 6, 15), 8)",1.0
"(datetime.date(2019, 6, 15), 13)",0.0
"(datetime.date(2019, 6, 16), 8)",1.0
"(datetime.date(2019, 6, 17), 11)",1.0
"(datetime.date(2019, 6, 18), 11)",1.0
"(datetime.date(2019, 6, 20), 15)",0.0
"(datetime.date(2019, 6, 25), 23)",0.0
"(datetime.date(2019, 6, 29), 9)",0.0
